Timestamp,q1,q2,q3,q4,q5,q6,q7,q8,q9,q10,q11,q12,q13,q14,q15,q16
8/11/2025 20:41:09,3,4,4,4,4,4,3,5,4,5,3,4,5,3,4,3
8/11/2025 22:11:59,4,5,5,4,5,5,5,3,5,4,4,5,4,5,5,3
8/11/2025 22:36:49,2,3,3,2,2,4,3,3,3,4,2,3,5,4,5,4
8/11/2025 23:17:13,5,3,5,5,2,5,3,5,3,4,3,5,4,4,5,5
8/12/2025 0:37:07,3,2,5,4,4,4,4,3,3,5,4,4,2,3,4,4
8/12/2025 6:52:12,1,3,4,3,4,5,5,3,3,5,3,5,3,4,5,5
8/12/2025 9:30:58,4,4,5,3,1,3,2,1,3,3,4,3,5,3,5,4
8/12/2025 10:39:25,3,4,3,3,2,3,1,2,2,3,3,2,4,3,4,3
8/20/2025 16:12:02,4,3,2,4,1,4,3,5,3,2,2,4,2,2,4,5
8/21/2025 13:12:20,3,4,2,5,2,5,5,5,1,5,5,3,2,3,4,5
8/22/2025 16:12:01,2,4,4,2,1,4,5,5,2,5,5,5,3,1,5,1
8/23/2025 21:31:48,1,5,3,5,5,1,5,1,1,5,5,5,1,1,5,5